"Dataset","RMSE","MAE","R2"
"Trénovacie",0.00255785421270927,0.00189116588541422,0.999999807632833
"Testovacie",4.01928365189136,1.57699414505235,0.623376412627576
