"Dataset","RMSE","MAE","R2"
"Trénovacie",0.00251779877875206,0.00187920527749409,0.999999813610514
"Testovacie",3.81038622070201,1.7606634220186,0.661508164029009
